city,Cloudiness,Country,Date,Humidity,Lat,Lng,Max_Temp,Wind_Speed
busselton,48,AU,1551461125,45,-33.64,115.35,48.99,5.64
diffa,88,NE,1551461252,35,13.32,12.61,86.96,2.95
tasiilaq,44,GL,1551459000,85,65.61,-37.64,24.8,44.96
flinders,90,AU,1551461229,93,-34.58,150.85,71.01,3.51
malim,0,NP,1551461254,91,26.88,88.04,44.75,2.28
codrington,92,AU,1551461043,93,-28.95,153.24,69.8,3.62
yellowknife,20,CA,1551460974,66,62.45,-114.38,-19.0,6.93
sao filipe,0,CV,1551461254,75,14.9,-24.5,76.34,18.84
bowen,40,AU,1551461176,94,-20.01,148.25,73.99,10.29
kloulklubed,75,PW,1551459000,94,7.04,134.26,73.4,3.36
bluff,92,AU,1551461257,78,-23.58,149.07,70.45,12.35
puerto ayora,20,EC,1551459600,66,-0.74,-90.35,86.0,10.29
lebu,0,ET,1551461257,40,8.96,38.73,63.38,5.97
mar del plata,0,AR,1551461198,49,-46.43,-67.52,69.28,4.29
victoria,75,BN,1551459600,88,5.28,115.24,78.8,5.82
labuhan,88,ID,1551461261,91,-2.54,115.51,73.91,1.95
seoul,0,KR,1551459600,80,37.57,126.98,33.8,1.12
roma,75,IT,1551461227,66,41.89,12.48,57.2,5.82
palmer,1,US,1551461251,84,61.6,-149.11,21.0,3.62
bambous virieux,40,MU,1551461040,78,-20.34,57.76,82.4,6.93
tual,76,ID,1551461265,100,-5.67,132.75,80.8,12.68
ushuaia,90,AR,1551459600,71,-54.81,-68.31,50.0,5.82
rikitea,36,PF,1551461265,100,-23.12,-134.97,75.85,13.35
punta arenas,90,CL,1551459806,87,-53.16,-70.91,53.6,11.41
nouadhibou,0,MR,1551461266,36,20.93,-17.03,78.86,9.1
albany,20,US,1551461265,63,42.65,-73.75,36.0,3.36
aranos,0,NA,1551461267,14,-24.14,19.11,85.21,6.76
butaritari,68,KI,1551461110,100,3.07,172.79,81.47,15.26
kalmunai,48,LK,1551461267,96,7.42,81.82,71.84,3.51
kruisfontein,32,ZA,1551461267,85,-34.0,24.73,64.19,6.31
adand,80,HU,1551461268,60,46.86,18.16,52.49,11.79
jurm,32,AF,1551461268,77,36.86,70.83,14.56,1.61
souillac,75,FR,1551461229,62,45.6,-0.6,55.99,4.7
narsaq,75,GL,1551459000,32,60.91,-46.05,41.0,16.11
clyde river,5,CA,1551459600,65,70.47,-68.59,3.2,16.11
east london,40,ZA,1551459600,83,-33.02,27.91,71.6,5.82
bredasdorp,0,ZA,1551460560,56,-34.53,20.04,71.6,8.05
licata,40,IT,1551461102,76,37.11,13.95,57.2,24.16
avera,90,US,1551461258,93,33.19,-82.53,66.2,11.23
litovko,0,RU,1551461273,58,49.24,135.18,5.11,3.4
jamestown,0,AU,1551461013,41,-33.21,138.6,70.22,8.32
muros,75,ES,1551461252,82,42.77,-9.06,60.01,6.93
lyubim,8,RU,1551461274,72,58.36,40.69,11.99,16.37
new norfolk,0,AU,1551461240,46,-42.78,147.06,73.4,8.05
tiksi,48,RU,1551461275,70,71.64,128.87,-10.42,2.95
nkan,48,GQ,1551461275,83,2.26,11.22,76.93,2.62
avarua,92,CK,1551459600,94,-21.21,-159.78,77.0,2.24
bama,100,CN,1551461276,96,24.14,107.25,65.41,5.86
atar,0,MR,1551461276,8,20.52,-13.05,79.94,12.91
carnarvon,0,ZA,1551461277,20,-30.97,22.13,74.68,9.22
nanortalik,12,GL,1551461277,94,60.14,-45.24,32.06,23.09
kargasok,80,RU,1551461277,79,59.06,80.87,17.03,6.31
batemans bay,12,AU,1551461102,84,-35.71,150.18,68.0,1.99
iskateley,76,RU,1551461278,74,67.68,53.15,7.45,12.46
hilo,90,US,1551461173,77,19.71,-155.08,62.6,3.36
high level,5,CA,1551459600,68,58.52,-117.13,-18.41,12.75
san rafael,0,AR,1551461195,16,-34.61,-68.33,83.9,7.2
sao gabriel da cachoeira,8,BR,1551461279,54,-0.13,-67.09,91.82,2.95
portel,20,PT,1551456000,59,38.31,-7.71,64.4,11.41
cartagena,0,ES,1551460956,72,37.63,-1.0,69.8,1.12
bereda,75,ES,1551461036,67,43.27,-7.54,62.01,6.93
zhigansk,68,RU,1551461281,70,66.77,123.37,-5.65,2.51
ganzhou,88,CN,1551461281,96,25.86,114.93,56.68,2.39
barrow,92,AR,1551461282,39,-38.31,-60.23,80.08,14.81
qaanaaq,0,GL,1551461282,85,77.48,-69.36,-14.92,4.52
frontera,40,MX,1551458580,65,18.53,-92.64,82.4,12.68
ornskoldsvik,0,SE,1551459000,63,63.29,18.72,33.8,6.93
mataura,88,NZ,1551460804,87,-46.19,168.86,53.01,1.99
arraial do cabo,20,BR,1551459600,79,-22.97,-42.02,87.8,6.93
anadyr,8,RU,1551460996,79,64.73,177.51,21.2,26.84
sept-iles,20,CA,1551461008,40,50.2,-66.38,21.99,12.75
husavik,0,CA,1551461077,83,50.56,-96.99,6.01,4.41
najran,0,SA,1551459600,27,17.54,44.22,86.0,10.29
khatanga,0,RU,1551461285,24,71.98,102.47,-16.81,4.97
port alfred,20,ZA,1551461189,86,-33.59,26.89,69.01,3.0
aklavik,5,CA,1551459600,69,68.22,-135.01,-5.81,16.11
vardo,90,US,1551461240,74,39.62,-77.74,36.0,3.36
chokurdakh,8,RU,1551461173,0,70.62,147.9,-29.28,2.95
alofi,20,NU,1551459600,100,-19.06,-169.92,71.6,9.17
makakilo city,40,US,1551461243,81,21.35,-158.09,66.2,3.74
kerema,92,PG,1551461288,99,-7.96,145.78,74.95,2.51
mwene-ditu,88,CD,1551461288,88,-7.01,23.45,74.9,2.51
thompson,90,CA,1551459600,63,55.74,-97.86,-11.21,6.93
cidreira,0,BR,1551461289,67,-30.17,-50.22,82.19,7.65
xinzhi,40,TW,1551461107,88,22.54,120.62,68.0,4.7
camacha,40,PT,1551457800,63,33.08,-16.33,64.4,10.29
yerbogachen,32,RU,1551461290,82,61.28,108.01,4.97,2.95
lagoa,0,PT,1551461229,72,37.14,-8.45,69.01,13.87
uribia,20,CO,1551461290,41,11.71,-72.27,92.41,21.3
sorland,90,NO,1551459000,86,67.67,12.69,33.8,17.22
yar-sale,56,RU,1551461291,76,66.83,70.83,-0.75,5.41
jawhar,0,IN,1551461291,74,19.91,73.23,63.47,0.72
lorengau,8,PG,1551461291,99,-2.02,147.27,82.64,5.41
cabo san lucas,5,MX,1551461120,38,22.89,-109.91,82.99,2.24
dikson,12,RU,1551461292,66,73.51,80.55,-4.75,21.85
cape town,0,ZA,1551460976,64,-33.93,18.42,73.0,14.99
sabha,0,LY,1551461292,37,27.03,14.43,58.48,5.75
hammerfest,20,NO,1551459000,85,70.66,23.68,23.0,5.82
vao,0,EE,1551461293,81,59.1,26.19,16.18,5.97
simoes,24,BR,1551461090,100,-7.6,-40.82,78.73,4.97
ramsgate,75,AU,1551461285,94,-33.98,151.14,72.0,4.7
grand-santi,44,GF,1551461294,51,4.27,-54.38,89.35,3.06
constitucion,5,MX,1551460816,23,23.99,-104.67,68.0,4.7
esperance,40,TT,1551460567,48,10.24,-61.45,87.8,20.8
longyearbyen,40,NO,1551459000,64,78.22,15.63,1.4,0.94
geraldton,40,CA,1551459600,61,49.72,-86.95,12.2,5.82
pevek,80,RU,1551461183,100,69.7,170.27,-1.15,8.77
catuday,0,PH,1551461295,94,16.29,119.81,75.89,8.21
chara,0,GR,1551459000,54,39.42,22.43,64.4,4.7
denpasar,20,ID,1551459600,83,-8.65,115.22,82.4,5.82
kapaa,75,US,1551460506,72,22.08,-159.32,63.0,6.93
upernavik,24,GL,1551461296,100,72.79,-56.15,1.19,6.08
peredovaya,92,RU,1551461296,98,44.12,41.48,33.14,14.81
henties bay,0,NA,1551459727,80,-22.12,14.28,68.0,3.0
bolobo,80,CD,1551461297,84,-2.17,16.23,77.6,3.51
vostok,0,RU,1551461297,60,46.45,135.83,15.5,3.74
hobart,0,AU,1551461240,46,-42.88,147.33,73.4,8.05
port elizabeth,90,US,1551461267,86,39.31,-74.98,37.0,9.17
half moon bay,1,US,1551461298,66,37.46,-122.43,51.8,4.41
moranbah,20,AU,1551461299,92,-22.0,148.04,66.26,6.98
chany,64,RU,1551461299,82,55.31,76.76,17.21,8.43
saskylakh,8,RU,1551461300,32,71.97,114.09,-22.03,9.66
saint george,0,GR,1551459000,54,39.45,22.34,64.4,4.7
palmira,40,CO,1551459600,57,3.53,-76.3,80.6,3.36
ribeira grande,20,PT,1551457800,82,38.52,-28.7,62.6,18.34
sitka,20,US,1551461301,71,37.17,-99.65,38.41,9.78
hualmay,56,PE,1551461301,68,-11.1,-77.61,78.05,5.64
grindavik,75,IS,1551461055,93,63.84,-22.43,43.0,8.05
hambantota,0,LK,1551461107,100,6.12,81.12,80.53,16.26
port lincoln,8,AU,1551461302,62,-34.72,135.86,76.88,9.44
tura,0,IN,1551461302,76,25.52,90.21,47.45,2.06
the valley,20,AI,1551460505,61,18.22,-63.06,82.99,19.46
bouna,12,CI,1551461303,18,9.27,-3.0,88.13,3.96
waipawa,32,NZ,1551459317,92,-39.94,176.59,43.0,6.64
georgetown,40,GY,1551459600,74,6.8,-58.16,84.2,16.11
berlevag,40,NO,1551459000,85,70.86,29.09,15.8,10.29
xinglongshan,0,CN,1551459600,49,43.96,125.47,26.6,4.47
nikolskoye,0,RU,1551460507,62,59.7,30.79,21.2,6.71
temerloh,8,MY,1551461304,71,3.45,102.42,76.88,3.18
praya,36,ID,1551461304,100,-8.71,116.27,81.65,3.51
bethel,90,US,1551459360,80,60.79,-161.76,37.4,9.17
san pedro,12,AR,1551461221,52,-33.68,-59.66,86.6,18.05
kavieng,20,PG,1551461308,100,-2.57,150.8,82.15,5.64
mahebourg,40,MU,1551461040,78,-20.41,57.7,82.4,6.93
mount gambier,0,AU,1551459600,26,-37.83,140.78,80.6,9.17
huangnihe,0,CN,1551461308,67,43.56,128.02,11.18,2.51
long beach,75,US,1551460676,78,30.35,-89.15,75.0,3.36
ribas do rio pardo,32,BR,1551461309,73,-20.45,-53.76,85.52,5.75
trincomalee,56,LK,1551461309,91,8.58,81.23,74.81,6.64
volovo,92,RU,1551461309,96,53.55,38.01,31.88,5.19
barra do garcas,24,BR,1551461143,91,-15.89,-52.26,85.21,3.85
taoudenni,0,ML,1551461310,20,22.68,-3.98,70.0,10.78
portland,90,US,1551461236,86,45.52,-122.67,43.0,3.18
saint-philippe,1,CA,1551461211,41,45.36,-73.48,25.0,3.36
ensenada,20,MX,1551461035,90,31.86,-116.62,60.01,3.0
severo-kurilsk,8,RU,1551461311,100,50.68,156.12,15.46,6.76
port keats,20,AU,1551461311,100,-14.25,129.55,73.91,4.07
mayya,0,RU,1551459600,75,61.74,130.28,-18.41,4.47
chuguyevka,0,RU,1551461312,66,44.17,133.87,11.99,2.51
chumikan,0,RU,1551461312,61,54.72,135.31,0.7,3.96
provideniya,0,RU,1551461312,99,64.42,-173.23,19.19,6.42
bermejo,0,AR,1551461313,52,-22.73,-64.34,89.12,3.62
kaitangata,44,NZ,1551461190,88,-46.28,169.85,47.54,8.99
norman wells,20,CA,1551459600,63,65.28,-126.83,-5.81,12.75
akhtanizovskaya,40,RU,1551459600,75,45.32,37.1,41.0,8.95
khovu-aksy,0,RU,1551461314,55,51.13,93.72,-4.48,2.51
kapuskasing,75,CA,1551459600,56,49.42,-82.43,15.8,12.75
egvekinot,68,RU,1551461314,81,66.32,-179.17,20.36,10.45
karratha,64,AU,1551461314,66,-20.74,116.85,81.83,8.21
ola,36,RU,1551461315,100,59.58,151.3,2.27,5.53
vaini,0,IN,1551461283,75,15.34,74.49,59.51,2.17
linxia,48,CN,1551461315,83,35.6,103.21,20.9,2.62
yarmouth,75,GB,1551461290,81,50.71,-1.5,51.01,9.17
sidi ali,64,DZ,1551461316,69,36.1,0.42,58.43,2.73
petropavlovsk-kamchatskiy,0,RU,1551459600,71,53.05,158.65,5.0,13.42
corinto,48,BR,1551461317,89,-18.36,-44.46,81.29,4.41
nome,90,US,1551461309,87,30.04,-94.42,55.4,4.7
rio branco,75,BR,1551459600,94,-9.98,-67.82,77.0,4.7
omboue,56,GA,1551461318,100,-1.57,9.26,82.06,4.97
kudahuvadhoo,44,MV,1551461318,100,2.67,72.89,82.15,9.22
tuktoyaktuk,5,CA,1551459600,69,69.44,-133.03,-7.61,19.46
san quintin,32,PH,1551461319,84,17.54,120.52,64.15,3.4
nogliki,0,RU,1551461319,100,51.8,143.14,10.28,12.24
tongren,92,CN,1551461319,99,27.72,109.18,41.51,5.64
san remo,24,AU,1551461306,88,-33.21,151.52,69.01,5.86
kahului,40,US,1551461040,72,20.89,-156.47,61.0,6.93
faanui,68,PF,1551461320,100,-16.48,-151.75,82.19,9.78
casma,64,PE,1551461320,92,-9.47,-78.3,74.72,10.45
hithadhoo,56,MV,1551461321,100,-0.6,73.08,83.41,10.78
alice springs,0,AU,1551459600,26,-23.7,133.88,80.6,6.93
laukaa,40,FI,1551461144,57,62.42,25.95,21.2,3.36
vila velha,40,BR,1551461038,70,-3.71,-38.6,84.2,5.82
le port,0,FR,1551461113,44,42.87,1.37,59.0,13.87
buala,8,SB,1551461322,87,-8.15,159.59,81.29,4.97
zyryanka,68,RU,1551461322,68,65.73,150.89,-9.88,4.97
razole,0,IN,1551461323,98,16.48,81.84,80.48,11.9
talnakh,80,RU,1551461323,80,69.49,88.39,7.58,17.49
hermanus,0,ZA,1551460591,77,-34.42,19.24,70.0,1.01
ayolas,0,PY,1551461324,63,-27.39,-56.84,83.9,5.19
havoysund,40,NO,1551459000,85,71.0,24.66,17.6,5.82
blagoyevo,64,RU,1551461324,82,63.37,47.92,12.31,4.74
nisia floresta,40,BR,1551459600,70,-6.09,-35.21,86.0,13.87
hasaki,20,JP,1551460775,100,35.73,140.83,39.2,8.05
watsa,48,CD,1551461325,96,3.04,29.53,66.62,2.73
harwich,90,US,1551461305,50,41.69,-70.08,37.0,3.36
akureyri,90,IS,1551459600,69,65.68,-18.09,35.6,24.16
placido de castro,92,BR,1551461326,98,-10.34,-67.19,74.09,3.18
sola,0,NO,1551461288,60,58.89,5.65,39.99,4.7
saldanha,88,PT,1551461157,55,41.42,-6.55,57.98,8.88
ashland,90,US,1551461225,86,38.48,-82.64,37.99,6.93
iqaluit,20,CA,1551460971,70,63.75,-68.52,-4.01,31.09
lahore,75,PK,1551459600,76,31.52,74.33,55.4,4.7
madimba,40,CM,1551459600,79,4.42,9.93,84.2,3.36
airai,36,TL,1551461331,91,-8.93,125.41,69.95,2.17
tomatlan,24,MX,1551461331,81,19.93,-105.25,78.73,3.18
mangrol,0,IN,1551461331,50,25.33,76.51,55.96,7.99
la palma,32,CO,1551461086,85,5.36,-74.39,76.34,2.17
atuona,0,PF,1551461332,100,-9.8,-139.03,79.94,10.67
sao paulo de olivenca,56,BR,1551461332,68,-3.38,-68.87,88.18,3.18
aripuana,24,BR,1551461332,58,-9.17,-60.63,89.35,3.18
katobu,48,ID,1551461333,100,-4.94,122.53,81.43,4.18
port macquarie,75,AU,1551461045,100,-31.43,152.91,64.99,4.7
fortuna,0,ES,1551461312,34,38.18,-1.13,68.0,6.93
fairbanks,1,US,1551460983,83,64.84,-147.72,1.0,2.95
qujing,0,CN,1551461336,48,25.49,103.8,50.51,10.45
kodiak,90,US,1551461322,68,39.95,-94.76,33.01,4.7
phetchabun,48,TH,1551461337,92,16.42,101.16,68.96,2.06
okha,8,RU,1551461338,84,53.59,142.95,-9.61,3.96
manavalakurichi,40,IN,1551459600,66,8.13,77.3,86.0,3.36
canmore,75,CA,1551460549,69,51.09,-115.35,-3.0,10.29
laguna,5,MX,1551458400,22,27.52,-110.01,77.0,3.36
jalu,44,LY,1551461339,48,29.03,21.55,56.0,4.41
nadym,64,RU,1551461339,80,65.53,72.51,13.21,7.31
mackay,20,CA,1551459600,63,53.65,-115.58,-7.61,4.7
termoli,56,IT,1551461314,10,42.0,14.99,54.0,6.42
tiznit,0,MA,1551461256,78,29.7,-9.73,62.35,5.97
emiliano zapata,8,MX,1551461341,46,20.23,-89.47,89.21,4.97
turayf,0,SA,1551459600,81,31.68,38.65,46.4,11.41
colares,40,PT,1551461190,77,38.8,-9.45,61.0,16.11
katsuura,20,JP,1551461082,70,33.93,134.5,44.6,12.75
tuatapere,8,NZ,1551460804,87,-46.13,167.69,53.01,1.99
kamen-rybolov,0,RU,1551461342,71,44.75,132.04,19.51,4.41
elizabeth city,90,US,1551461312,87,36.3,-76.22,48.99,11.41
senneterre,90,CA,1551459600,73,48.39,-77.24,21.2,10.29
chuy,0,UY,1551461207,57,-33.69,-53.46,83.63,7.87
hofn,90,IS,1551459600,87,64.25,-15.21,42.8,10.29
tezu,0,IN,1551461345,59,27.93,96.16,43.13,2.17
nushki,80,PK,1551461346,94,29.55,66.02,50.87,18.16
pionerskiy,80,RU,1551461349,86,61.2,62.86,22.75,4.18
la macarena,92,CO,1551461350,42,2.18,-73.79,88.36,1.72
luanda,75,AO,1551459600,83,-8.83,13.24,80.6,13.87
saint-michel-des-saints,0,CA,1551461270,60,46.68,-73.92,22.48,6.64
isangel,88,VU,1551461351,100,-19.55,169.27,81.02,24.09
roald,40,NO,1551461103,60,62.58,6.12,39.2,11.41
inta,36,RU,1551461351,83,66.04,60.13,2.36,5.08
arzgir,80,RU,1551461352,90,45.37,44.21,37.96,14.58
djenne,0,ML,1551461352,19,13.91,-4.55,80.93,8.88
conceicao do mato dentro,24,BR,1551461352,96,-19.04,-43.42,76.88,4.63
ponta do sol,92,BR,1551461353,92,-20.63,-46.0,73.37,4.29
ugoofaaru,0,MV,1551461353,100,5.67,73.0,82.15,7.2
torbay,20,CA,1551461306,62,47.66,-52.73,26.01,28.86
bonavista,48,CA,1551460517,62,48.65,-53.11,23.0,18.99
pochutla,20,MX,1551460609,62,15.74,-96.47,88.0,6.98
copiapo,90,CL,1551459600,72,-27.37,-70.33,66.2,9.17
masvingo,0,ZW,1551461358,45,-20.08,30.83,78.28,13.02
maceio,40,BR,1551459600,46,-9.67,-35.74,89.6,13.87
mehamn,40,NO,1551459000,85,71.03,27.85,17.6,10.29
rennes,0,FR,1551461224,66,48.11,-1.68,53.01,9.17
cayenne,88,GF,1551459600,62,4.94,-52.33,86.0,16.11
avon lake,1,US,1551461345,99,41.51,-82.02,43.0,9.17
honiara,12,SB,1551461363,100,-9.43,159.96,69.32,2.62
zalantun,0,CN,1551461363,71,48.0,122.72,18.65,2.39
kaeo,0,NZ,1551460794,100,-35.1,173.78,57.99,7.65
le moule,20,GP,1551459600,48,16.33,-61.35,84.2,17.22
kabompo,20,ZM,1551461364,65,-13.6,24.21,74.9,5.19
saint anthony,1,US,1551461113,68,43.97,-111.68,32.0,9.17
luderitz,0,NA,1551461364,69,-26.65,15.16,67.16,18.39
maumere,48,ID,1551461365,100,-8.63,122.22,82.91,3.74
hirara,44,JP,1551461365,100,24.8,125.28,72.56,10.0
kirkcudbright,68,GB,1551461136,91,54.84,-4.04,50.0,15.82
goias,36,BR,1551461365,76,-15.93,-50.14,82.82,8.77
porto velho,40,BR,1551459600,62,-8.75,-63.87,86.0,5.82
wagar,56,US,1551461296,81,31.44,-87.99,73.0,1.99
castro,75,CL,1551459600,87,-42.48,-73.76,59.0,4.7
sao joao da barra,20,BR,1551459600,46,-21.64,-41.05,93.2,19.39
pahrump,1,US,1551461101,50,36.21,-115.98,62.01,4.63
klaksvik,88,FO,1551459000,100,62.23,-6.59,42.8,5.82
los andes,0,CL,1551461346,25,-32.83,-70.6,87.01,6.93
ajdabiya,0,LY,1551461368,60,30.75,20.22,52.63,7.31
ciudad bolivar,0,VE,1551461368,30,8.12,-63.55,95.2,13.91
namibe,48,AO,1551461369,99,-15.19,12.15,77.6,12.24
saint-augustin,75,FR,1551461228,58,44.83,-0.61,55.99,5.82
pringsewu,88,ID,1551461373,96,-5.36,104.98,73.01,1.72
coahuayana,0,MX,1551461373,31,18.62,-100.35,84.08,3.06
srednekolymsk,76,RU,1551461373,66,67.46,153.71,-15.06,3.96
ouadda,8,CF,1551461373,46,8.07,22.4,77.15,7.54
faya,0,SA,1551459600,72,18.39,42.45,62.6,6.93
yabrud,0,SY,1551460516,90,33.97,36.66,32.0,1.01
neiafu,20,TO,1551459600,88,-18.65,-173.98,80.6,9.17
golden,75,CA,1551459600,85,51.3,-116.96,12.2,2.24
dzaoudzi,20,YT,1551459600,88,-12.79,45.27,82.4,8.05
viedma,68,AR,1551461375,51,-40.81,-62.99,68.51,24.09
kampot,20,KH,1551459600,74,10.62,104.18,80.6,8.05
grand gaube,40,MU,1551461340,78,-20.01,57.66,82.4,6.93
dunedin,0,NZ,1551461293,80,-45.87,170.5,52.0,5.99
singkang,75,MY,1551459600,78,2.1,102.8,78.8,5.82
sao jose da coroa grande,68,BR,1551461377,74,-8.9,-35.15,83.81,10.0
gushikawa,40,JP,1551460995,82,26.35,127.87,69.8,4.7
awjilah,0,LY,1551461377,52,29.14,21.3,55.01,4.29
tazovskiy,64,RU,1551461377,76,67.47,78.7,7.0,14.81
pisco,0,PE,1551459600,30,-13.71,-76.2,71.6,10.29
caravelas,20,BR,1551461378,99,-17.73,-39.27,84.31,18.05
ojinaga,1,US,1551460612,18,29.56,-104.41,73.99,5.82
nabire,92,ID,1551461378,98,-3.36,135.5,67.16,1.83
malabo,24,CD,1551461379,89,1.56,30.43,63.74,2.73
tessalit,0,ML,1551461379,21,20.2,1.01,69.14,11.34
port blair,0,IN,1551461157,100,11.67,92.75,82.37,8.43
harlingen,90,US,1551461334,82,26.19,-97.7,71.6,6.93
cherskiy,88,RU,1551461380,69,68.75,161.3,-5.74,10.78
guanhaes,32,BR,1551461099,71,-18.77,-42.93,80.57,3.06
barcelos,75,PT,1551461224,87,41.53,-8.62,57.99,8.05
sao geraldo do araguaia,80,BR,1551461384,88,-6.4,-48.55,80.66,3.96
hrodna,48,BY,1551461384,59,53.68,23.83,26.3,13.47
oranjestad,20,AW,1551459600,62,12.52,-70.03,84.2,26.4
uyskoye,56,RU,1551461385,89,54.37,60.01,23.33,12.68
gizo,20,IL,1551461297,71,31.8,34.94,59.0,4.7
pangnirtung,75,CA,1551459600,76,66.15,-65.72,-9.41,8.05
kargil,76,PK,1551461386,75,34.56,76.13,0.65,1.39
keetmanshoop,0,NA,1551459600,11,-26.57,18.15,95.0,9.17
vila franca do campo,40,PT,1551457800,82,37.72,-25.43,62.6,12.75
katherine,68,AU,1551459600,78,-14.47,132.26,77.0,3.36
hovd,75,NO,1551461363,80,63.83,10.7,37.0,12.75
noumea,92,NC,1551459600,88,-22.28,166.46,73.4,3.36
kutum,0,SD,1551461388,23,14.2,24.66,71.39,10.11
pontes e lacerda,32,BR,1551461388,78,-15.23,-59.33,85.07,7.65
juybar,75,IR,1551459600,93,36.64,52.91,48.2,3.85
bakel,0,SN,1551461389,15,14.9,-12.46,84.13,13.47
guerrero negro,8,MX,1551461349,75,27.97,-114.04,66.35,10.33
werda,75,DE,1551461365,93,50.44,12.3,46.0,4.7
paramonga,48,PE,1551461390,97,-10.68,-77.82,73.78,11.23
limon,1,US,1551461244,49,39.26,-103.69,50.0,8.05
lyuban,8,BY,1551461390,66,52.8,28.0,22.07,14.58
margate,0,AU,1551461240,46,-43.03,147.26,73.4,8.05
koungheul,0,SN,1551461391,16,13.98,-14.8,87.01,12.68
haliyal,0,IN,1551461391,50,15.33,74.76,62.8,3.18
sinnamary,76,GF,1551461391,88,5.38,-52.96,81.16,11.01
baykit,68,RU,1551461392,82,61.68,96.39,13.21,2.73
abnub,0,EG,1551459600,41,27.27,31.15,59.0,13.87
kiruna,90,SE,1551459000,85,67.86,20.23,23.0,3.36
leningradskiy,0,RU,1551461392,72,69.38,178.42,20.5,23.09
kuching,75,MY,1551459600,94,1.56,110.34,77.0,1.12
yumen,0,CN,1551461393,59,40.29,97.04,19.64,7.87
belaya gora,0,RU,1551461393,0,68.54,146.19,-32.11,2.95
devils lake,90,US,1551460500,78,48.11,-98.87,10.4,4.7
broome,40,GB,1551461374,75,52.47,1.45,48.99,4.7
karasjok,0,NO,1551459000,92,69.47,25.52,5.0,3.36
pitiquito,12,MX,1551461119,42,30.68,-112.05,73.99,4.63
inhambane,20,MZ,1551459600,69,-23.87,35.38,84.0,8.66
suwannaphum,56,TH,1551459600,74,15.61,103.81,78.8,7.31
deputatskiy,36,RU,1551461395,0,69.3,139.9,-29.01,2.73
yinchuan,20,CN,1551461396,78,38.48,106.21,27.2,3.74
kirakira,0,SB,1551461396,100,-10.46,161.92,82.46,3.74
opuwo,88,NA,1551461173,82,-18.06,13.84,68.83,2.39
buta,32,CD,1551461396,85,2.79,24.73,75.53,2.06
san patricio,0,PY,1551461397,46,-26.98,-56.83,85.3,3.29
kachug,48,RU,1551461397,63,53.96,105.89,6.91,2.39
bukachacha,0,RU,1551461397,66,52.99,116.91,8.39,2.39
nouakchott,0,MR,1551459600,7,18.08,-15.98,84.2,21.92
dingle,0,PH,1551461398,76,11.0,122.67,73.73,12.24
tarnogskiy gorodok,48,RU,1551461398,61,60.5,43.58,3.71,6.42
ampanihy,88,MG,1551461399,96,-24.69,44.75,72.38,6.98
nioro,0,GM,1551461399,16,13.79,-15.05,87.01,12.68
pinjaur,32,IN,1551461399,79,30.8,76.92,47.9,1.5
san cristobal,75,EC,1551459600,43,-0.39,-78.55,69.8,6.93
ipixuna,75,BR,1551459600,94,-1.76,-48.8,75.2,5.82
dmytrivka,80,UA,1551461100,72,50.46,30.17,34.0,15.66
batagay-alyta,20,RU,1551461401,0,67.8,130.41,-25.86,2.73
arvika,0,SE,1551460899,69,59.65,12.59,35.6,4.7
linjiang,0,CN,1551461408,50,41.81,126.91,6.77,2.95
honningsvag,40,NO,1551459000,85,70.98,25.97,17.6,5.82
kikwit,64,CD,1551461419,80,-5.04,18.82,78.77,7.43
poland,1,US,1551461420,46,44.06,-70.39,36.0,13.87
ahipara,0,NZ,1551460794,100,-35.17,173.16,57.99,9.1
mocuba,76,MZ,1551461424,66,-16.84,36.99,82.73,7.65
yulara,0,AU,1551459600,21,-25.24,130.99,80.6,5.82
coihaique,75,CL,1551459600,55,-45.58,-72.07,64.4,9.17
lingyuan,0,CN,1551461425,57,41.24,119.4,24.95,6.53
sistranda,75,NO,1551461363,93,63.73,8.83,37.0,20.8
ajaccio,0,FR,1551459600,62,41.93,8.74,60.8,11.41
comodoro rivadavia,40,AR,1551459600,63,-45.87,-67.48,62.6,6.93
jati,76,PK,1551461427,28,24.35,68.27,72.25,9.22
save,48,BJ,1551461427,85,8.04,2.49,80.21,2.62
kenai,1,US,1551460925,77,60.55,-151.26,14.0,3.36
korsakov,8,RU,1551459600,100,46.63,142.78,17.6,4.47
kalininsk,88,RU,1551461428,96,51.5,44.48,31.25,6.98
sabaudia,75,IT,1551461425,66,41.3,13.03,57.2,5.82
syracuse,1,US,1551461305,61,43.05,-76.15,36.0,5.82
san jose,0,PH,1551461165,93,15.79,120.99,62.71,2.06
nizhniy chir,56,RU,1551461431,91,48.36,43.08,32.33,13.24
allahganj,0,IN,1551461431,79,27.55,79.69,52.45,2.84
nador,0,MA,1551459600,34,35.17,-2.93,68.0,14.99
sangar,8,RU,1551461432,29,63.92,127.47,-21.0,1.95
banff,68,CA,1551460143,77,51.18,-115.57,-6.0,5.99
fatezh,90,RU,1551460597,98,52.09,35.86,32.0,13.42
arman,8,RU,1551461433,60,59.7,150.17,0.2,8.43
pindwara,8,IN,1551461433,49,24.79,73.05,55.73,4.18
suntar,76,RU,1551461433,85,62.16,117.65,13.66,3.96
baghdad,0,IQ,1551459600,46,33.3,44.38,53.6,5.82
chikhli,0,IN,1551457800,41,20.76,73.06,75.2,3.36
raton,1,US,1551461102,22,36.9,-104.44,60.8,43.62
scarisoara,20,RO,1551459600,66,44.0,24.57,55.4,13.87
mandalgovi,0,MN,1551461437,76,45.76,106.27,19.28,9.66
ballangen,90,NO,1551461421,92,68.34,16.83,28.4,3.36
biak,0,ID,1551461437,95,-0.91,122.88,78.41,4.63
los llanos de aridane,75,ES,1551460617,68,28.66,-17.92,66.2,5.82
gornopravdinsk,92,RU,1551461438,77,60.06,69.92,19.96,9.44
inongo,92,CD,1551461438,99,-1.93,18.29,72.61,2.95
northam,40,GB,1551461405,76,51.04,-4.21,51.01,12.75
kangavar,20,IR,1551459060,80,34.5,47.96,32.0,9.17
galesong,20,ID,1551459600,100,-5.32,119.37,77.0,1.12
leirvik,0,NO,1551461409,64,59.78,5.5,39.2,2.24
damghan,44,IR,1551461443,86,36.17,54.34,37.46,2.95
krosno odrzanskie,88,PL,1551461387,88,52.05,15.1,39.0,4.0
kidal,0,ML,1551461443,14,18.44,1.41,72.25,6.64
khani,90,GE,1551459600,93,41.96,42.96,37.4,8.05
gubkinskiy,88,RU,1551461445,84,64.43,76.5,15.32,14.25
mirabad,92,IR,1551461445,96,28.27,61.33,50.51,19.84
samarai,12,PG,1551461445,100,-10.62,150.67,81.02,4.85
neryungri,56,RU,1551461445,53,56.66,124.71,-2.28,2.95
vaijapur,0,IN,1551461446,57,19.92,74.72,61.31,4.18
nyuksenitsa,36,RU,1551461446,62,60.41,44.24,0.02,3.74
isla vista,90,US,1551461441,93,34.41,-119.86,59.0,6.93
chaska,90,US,1551461445,85,44.79,-93.6,19.0,4.41
kavaratti,0,IN,1551461188,100,10.57,72.64,82.19,11.01
mitsamiouli,20,KM,1551459600,79,-11.38,43.28,84.2,3.36
bilibino,76,RU,1551461448,65,68.06,166.44,-5.65,2.17
castletown,75,GB,1551461433,81,50.57,-2.44,50.0,9.17
iberia,88,PE,1551461448,92,-11.41,-69.49,75.76,2.95
dalnerechensk,0,RU,1551461449,55,45.93,133.72,16.85,3.74
ozora,0,JP,1551459067,66,43.92,144.17,32.0,10.0
lewistown,1,US,1551461320,69,40.39,-90.15,39.99,8.05
faxinal,0,BR,1551461449,73,-24.0,-51.32,83.68,4.07
ancud,75,CL,1551459600,87,-41.87,-73.83,59.0,4.7
prince rupert,1,CA,1551459600,94,54.32,-130.32,32.0,4.29
thoen,0,TH,1551461451,77,17.61,99.22,69.23,0.6
bridlington,56,GB,1551461223,81,54.08,-0.19,48.99,5.82
senanga,24,ZM,1551461451,57,-16.1,23.3,79.36,4.07
mount isa,0,AU,1551459600,50,-20.73,139.49,78.8,5.82
tsevie,20,TG,1551459600,83,6.43,1.21,78.8,2.24
thaton,0,MM,1551461452,96,16.91,97.37,79.22,9.89
plettenberg bay,8,ZA,1551461452,98,-34.05,23.37,65.5,4.74
marzuq,0,YE,1551461452,60,14.4,46.47,63.02,2.51
pacific grove,1,US,1551461398,71,36.62,-121.92,53.01,4.7
lac-megantic,20,CA,1551461419,32,45.58,-70.88,28.0,5.82
bathsheba,75,BB,1551459600,65,13.22,-59.52,80.6,20.8
sur,0,OM,1551461453,86,22.57,59.53,75.76,21.07
san-pedro,24,CI,1551461160,67,4.75,-6.64,84.8,8.43
muli,0,IN,1551461454,42,22.62,71.45,62.35,2.28
dunmore town,12,BS,1551461412,100,25.5,-76.65,75.4,6.76
hirakud,0,IN,1551461454,66,21.53,83.9,66.98,6.42
evensk,64,RU,1551461455,100,61.92,159.24,-5.02,5.64
lima,0,PE,1551459600,61,-12.06,-77.04,82.4,6.93
saint-pierre,90,FR,1551461384,81,48.95,4.24,50.0,5.82
alta floresta,32,BR,1551461456,64,-9.87,-56.08,86.2,2.95
tallahassee,75,US,1551461145,100,30.44,-84.28,64.99,6.93
muscat,40,OM,1551459000,51,23.6,58.55,86.0,19.46
sisimiut,48,GL,1551461457,86,66.94,-53.67,13.97,1.28
naze,75,NG,1551456000,66,5.43,7.07,89.6,5.82
cap malheureux,40,MU,1551461340,78,-19.98,57.61,82.4,6.93
port hardy,75,CA,1551459600,92,50.7,-127.42,30.2,3.36
garoua,0,CM,1551459600,16,9.31,13.39,96.8,4.7
koratagere,40,IN,1551459600,88,13.52,77.24,77.0,13.87
chimore,32,BO,1551461458,72,-16.98,-65.13,84.62,3.85
mantua,40,IT,1551461407,62,45.16,10.79,57.0,2.24
liepaja,8,LV,1551459000,58,56.52,21.02,28.4,9.17
sidney,1,US,1551461409,72,47.72,-104.16,14.0,8.05
villacarrillo,92,ES,1551461459,70,38.12,-3.08,53.39,5.3
tutoia,20,BR,1551459600,44,-2.76,-42.27,93.2,9.17
limbuhan,48,PH,1551461460,100,11.06,125.02,70.63,4.74
kalino,0,PL,1551461447,80,51.66,19.56,36.0,4.7
port moresby,48,PG,1551461463,98,-9.47,147.16,82.19,15.82
novyy urgal,0,RU,1551461464,51,51.07,132.56,-4.71,2.84
hornepayne,0,CA,1551461468,54,49.22,-84.78,18.65,4.74
lavrentiya,88,RU,1551461468,89,65.58,-170.99,26.39,4.52
riom,90,FR,1551461226,50,45.89,3.11,51.8,8.05
skibbereen,75,IE,1551459600,100,51.55,-9.27,48.2,12.75
miandrivazo,88,MG,1551461331,90,-19.53,45.46,74.23,2.17
tautira,20,PF,1551460992,78,-17.73,-149.15,82.4,2.24
humberto de campos,12,BR,1551461469,94,-2.6,-43.46,82.64,8.66
dali,0,CN,1551461470,100,25.6,100.24,38.68,2.73
lembang,92,ID,1551461470,97,-6.81,107.62,71.75,2.84
ilulissat,20,GL,1551459000,73,69.22,-51.1,26.6,12.75
gemena,12,CD,1551461471,87,3.25,19.78,76.25,3.18
okmulgee,90,US,1551459300,79,35.62,-95.96,33.8,4.7
arlit,0,NE,1551461474,41,18.74,7.39,66.17,3.96
batsfjord,90,NO,1551459000,85,70.63,29.72,23.0,4.7
saint-joseph,0,FR,1551461465,67,43.56,6.97,64.0,5.82
abaza,0,RU,1551461476,65,52.65,90.1,9.25,2.17
banda aceh,0,ID,1551461476,98,5.56,95.32,73.37,2.17
jilib,0,SO,1551461476,71,0.49,42.79,79.67,11.12
campo verde,75,PE,1551459600,331,-8.47,-74.81,35.6,2.62
zemio,12,CF,1551461477,91,5.02,25.13,72.92,1.61
boyolangu,88,ID,1551461477,97,-8.09,111.9,70.67,2.39
thyboron,8,DK,1551461421,82,56.7,8.21,39.99,9.78
ucluelet,5,CA,1551461427,80,48.94,-125.55,35.6,2.24
waingapu,56,ID,1551461479,100,-9.65,120.26,73.73,2.62
falmouth,75,GB,1551461402,93,50.16,-5.07,54.0,13.87
acapulco,5,MX,1551458700,69,16.86,-99.88,82.4,3.36
areka,88,ET,1551461480,38,7.07,37.71,71.84,2.51
shache,0,CN,1551461329,88,38.42,77.24,34.0,2.84
dzerzhinskoye,76,RU,1551461481,87,56.84,95.22,29.72,5.64
broken hill,0,AU,1551459600,27,-31.97,141.45,73.4,6.93
road town,40,VG,1551461232,65,18.42,-64.62,82.4,11.41
bandarbeyla,0,SO,1551461482,100,9.49,50.81,77.15,9.55
karakol,20,KG,1551461482,60,42.49,78.39,8.3,2.39
pointe-noire,75,CG,1551459600,83,-4.8,11.85,82.4,10.29
xifeng,0,CN,1551461483,68,42.73,124.72,22.61,5.97
oranjemund,0,ZA,1551461483,86,-28.55,16.43,64.51,22.97
kawalu,64,ID,1551461484,96,-7.38,108.21,66.89,1.72
hun,88,BE,1551461448,93,50.34,4.87,44.6,6.93
lusambo,20,CD,1551461484,88,-4.97,23.44,76.52,1.16
champerico,5,MX,1551458820,42,16.38,-93.6,86.0,4.7
florida,40,CU,1551459000,45,21.53,-78.23,87.8,11.41
kununurra,0,AU,1551459600,61,-15.77,128.74,82.4,10.29
port augusta,0,AU,1551461179,21,-32.49,137.76,84.2,6.93
hobyo,32,SO,1551461486,94,5.35,48.53,75.35,8.21
nyagan,76,RU,1551461486,89,62.14,65.43,20.0,5.75
takapau,32,NZ,1551459317,92,-40.02,176.35,43.0,6.64
otautau,64,NZ,1551461408,87,-46.14,168.0,53.01,1.99
springdale,90,US,1551460990,89,36.19,-94.13,37.4,5.82
kortkeros,0,RU,1551459600,91,61.81,51.56,-5.81,4.47
nalut,0,LY,1551461488,64,31.86,10.98,51.41,4.41
playa del carmen,40,MX,1551460991,62,20.63,-87.08,86.0,8.05
cooma,0,AU,1551459600,100,-36.24,149.13,53.6,6.93
lasa,75,CY,1551459600,67,34.92,32.53,59.0,13.87
ust-uda,80,RU,1551461489,69,54.17,103.03,15.86,3.18
hamilton,75,BM,1551461122,77,32.3,-64.78,71.01,8.05
mapiripan,48,CO,1551461489,72,2.89,-72.13,83.9,6.64
khiv,88,RU,1551461469,70,41.75,47.93,30.08,2.73
westport,75,IE,1551461291,100,53.8,-9.52,50.0,4.7
jiayuguan,0,CN,1551461490,57,39.77,98.29,5.69,3.96
siocon,0,PH,1551461491,100,11.03,124.04,77.6,10.78
touros,75,BR,1551459600,70,-5.2,-35.46,86.0,13.87
coolum beach,92,AU,1551461433,98,-26.53,153.09,73.99,1.99
beloha,88,MG,1551461491,91,-25.17,45.06,78.32,6.42
turukhansk,80,RU,1551461492,82,65.8,87.96,12.8,15.7
caxias,40,BR,1551459600,59,-4.87,-43.35,89.6,5.82
kilembe,8,UG,1551461492,91,0.2,30.01,70.13,3.51
auki,92,NG,1551461492,34,12.18,6.51,87.77,5.97
virginia beach,90,US,1551461485,100,36.85,-75.98,46.4,9.17
ketchikan,1,US,1551459360,86,55.34,-131.65,33.8,5.82
meulaboh,68,ID,1551461493,100,4.14,96.13,80.53,3.29
sal rei,0,CV,1551459600,38,16.18,-22.92,78.8,17.22
bandar-e anzali,0,IR,1551459600,81,37.47,49.46,46.4,4.7
monte alegre,20,BR,1551461495,66,-2.0,-54.07,87.68,3.18
vyazemskiy,0,RU,1551461495,52,47.53,134.76,17.53,3.85
dawlatabad,0,AF,1551461495,90,36.41,64.91,47.95,7.31
gat,0,SN,1551459600,6,14.69,-16.54,87.8,18.34
mardin,0,TR,1551459600,80,37.32,40.72,39.2,6.93
mayang imphal,0,IN,1551461496,78,24.62,93.88,45.65,1.95
belance,64,PH,1551461496,98,16.2,121.24,65.27,2.17
geelong,0,AU,1551461411,52,-38.15,144.36,79.0,5.82
manokwari,32,ID,1551461497,99,-0.87,134.08,80.3,4.52
borogontsy,48,RU,1551461497,64,62.67,131.17,-14.56,2.73
oistins,75,BB,1551459600,65,13.07,-59.53,80.6,20.8
camocim,76,BR,1551461501,92,-2.9,-40.84,81.29,5.41
zarand,40,IR,1551459600,19,30.81,56.57,50.0,20.8
lac du bonnet,0,CA,1551461392,83,50.25,-96.06,5.0,5.08
aksarka,20,RU,1551461502,66,66.56,67.8,-9.52,6.31
bam,0,IR,1551461502,38,29.11,58.36,58.7,15.48
